{"random": 0.28391471357713734, "treatments": ["control", "A", "B", "C"], "props": [0.366025, 0.211325, 0.211325, 0.211325]}
